{"data":{"4chan X.Catalog Hover Expand":"strue","4chan X.Desktop Notifications":"sfalse","4chan X.Index Mode":"s\"catalog\"","4chan X.archives":"s[{\"uid\":3,\"name\":\"4plebs\",\"domain\":\"archive.4plebs.org\",\"http\":true,\"https\":true,\"software\":\"foolfuuka\",\"boards\":[\"adv\",\"f\",\"hr\",\"o\",\"pol\",\"s4s\",\"sp\",\"tg\",\"trv\",\"tv\",\"x\"],\"files\":[\"adv\",\"f\",\"hr\",\"o\",\"pol\",\"s4s\",\"sp\",\"tg\",\"trv\",\"tv\",\"x\"],\"reports\":true},{\"uid\":4,\"name\":\"Nyafuu Archive\",\"domain\":\"archive.nyafuu.org\",\"http\":false,\"https\":true,\"software\":\"foolfuuka\",\"boards\":[\"bant\",\"c\",\"e\",\"n\",\"news\",\"out\",\"p\",\"toy\",\"vip\",\"vp\",\"w\",\"wg\",\"wsr\"],\"files\":[\"bant\",\"c\",\"e\",\"n\",\"news\",\"out\",\"p\",\"toy\",\"vip\",\"vp\",\"w\",\"wg\",\"wsr\"],\"reports\":true},{\"uid\":8,\"name\":\"Rebecca Black Tech\",\"domain\":\"archive.rebeccablacktech.com\",\"http\":false,\"https\":true,\"software\":\"foolfuuka\",\"boards\":[\"cgl\",\"g\",\"mu\"],\"files\":[\"cgl\",\"g\",\"mu\"],\"reports\":true},{\"uid\":10,\"name\":\"warosu\",\"domain\":\"warosu.org\",\"http\":false,\"https\":true,\"software\":\"fuuka\",\"boards\":[\"3\",\"biz\",\"cgl\",\"ck\",\"diy\",\"fa\",\"g\",\"ic\",\"jp\",\"lit\",\"sci\",\"tg\",\"vr\"],\"files\":[\"3\",\"biz\",\"cgl\",\"ck\",\"diy\",\"fa\",\"g\",\"ic\",\"jp\",\"lit\",\"sci\",\"tg\",\"vr\"],\"search\":[\"biz\",\"cgl\",\"ck\",\"diy\",\"fa\",\"g\",\"ic\",\"jp\",\"lit\",\"sci\",\"tg\",\"vr\"]},{\"uid\":23,\"name\":\"Desuarchive\",\"domain\":\"desuarchive.org\",\"http\":true,\"https\":true,\"software\":\"foolfuuka\",\"boards\":[\"a\",\"aco\",\"an\",\"c\",\"co\",\"d\",\"fit\",\"gif\",\"his\",\"int\",\"k\",\"m\",\"mlp\",\"qa\",\"r9k\",\"tg\",\"trash\",\"vr\",\"wsg\"],\"files\":[\"a\",\"aco\",\"an\",\"c\",\"co\",\"d\",\"fit\",\"gif\",\"his\",\"int\",\"k\",\"m\",\"mlp\",\"qa\",\"r9k\",\"tg\",\"trash\",\"vr\",\"wsg\"],\"reports\":true},{\"uid\":24,\"name\":\"fireden.net\",\"domain\":\"boards.fireden.net\",\"http\":false,\"https\":true,\"software\":\"foolfuuka\",\"boards\":[\"a\",\"cm\",\"co\",\"ic\",\"sci\",\"tg\",\"v\",\"vg\",\"vip\",\"y\"],\"files\":[\"a\",\"cm\",\"co\",\"ic\",\"sci\",\"tg\",\"v\",\"vg\",\"vip\",\"y\"],\"search\":[\"a\",\"cm\",\"co\",\"ic\",\"sci\",\"tg\",\"v\",\"vg\",\"y\"]},{\"uid\":25,\"name\":\"arch.b4k.co\",\"domain\":\"arch.b4k.co\",\"http\":true,\"https\":true,\"software\":\"foolfuuka\",\"boards\":[\"g\",\"jp\",\"mlp\",\"v\"],\"files\":[],\"search\":[\"jp\",\"mlp\"]},{\"uid\":28,\"name\":\"bstats\",\"domain\":\"archive.b-stats.org\",\"http\":false,\"https\":true,\"software\":\"foolfuuka\",\"boards\":[\"f\",\"cm\",\"hm\",\"lgbt\",\"news\",\"qst\",\"trash\",\"y\"],\"files\":[]},{\"uid\":29,\"name\":\"Archived.Moe\",\"domain\":\"archived.moe\",\"http\":true,\"https\":true,\"software\":\"foolfuuka\",\"boards\":[\"3\",\"a\",\"aco\",\"adv\",\"an\",\"asp\",\"b\",\"bant\",\"biz\",\"c\",\"can\",\"cgl\",\"ck\",\"cm\",\"co\",\"cock\",\"d\",\"diy\",\"e\",\"f\",\"fa\",\"fap\",\"fit\",\"fitlit\",\"g\",\"gd\",\"gif\",\"h\",\"hc\",\"his\",\"hm\",\"hr\",\"i\",\"ic\",\"int\",\"jp\",\"k\",\"lgbt\",\"lit\",\"m\",\"mlp\",\"mlpol\",\"mo\",\"mtv\",\"mu\",\"n\",\"news\",\"o\",\"out\",\"outsoc\",\"p\",\"po\",\"pol\",\"qa\",\"qst\",\"r\",\"r9k\",\"s\",\"s4s\",\"sci\",\"soc\",\"sp\",\"spa\",\"t\",\"tg\",\"toy\",\"trash\",\"trv\",\"tv\",\"u\",\"v\",\"vg\",\"vint\",\"vip\",\"vp\",\"vr\",\"w\",\"wg\",\"wsg\",\"wsr\",\"x\",\"y\"],\"files\":[\"can\",\"cock\",\"fap\",\"fitlit\",\"gd\",\"mlpol\",\"mo\",\"mtv\",\"outsoc\",\"po\",\"qst\",\"spa\",\"vint\",\"vip\"],\"search\":[\"aco\",\"adv\",\"an\",\"asp\",\"b\",\"bant\",\"c\",\"can\",\"cgl\",\"ck\",\"cm\",\"cock\",\"con\",\"d\",\"diy\",\"e\",\"f\",\"fap\",\"fitlit\",\"gd\",\"gif\",\"h\",\"hc\",\"his\",\"hm\",\"hr\",\"i\",\"ic\",\"lgbt\",\"lit\",\"mlpol\",\"mo\",\"mtv\",\"n\",\"news\",\"o\",\"out\",\"outsoc\",\"p\",\"po\",\"q\",\"qa\",\"qst\",\"r\",\"s\",\"soc\",\"spa\",\"trv\",\"u\",\"vint\",\"vip\",\"w\",\"wg\",\"wsg\",\"wsr\",\"x\",\"y\"],\"reports\":true},{\"uid\":30,\"name\":\"TheBArchive.com\",\"domain\":\"thebarchive.com\",\"http\":true,\"https\":true,\"software\":\"foolfuuka\",\"boards\":[\"b\",\"bant\"],\"files\":[\"b\",\"bant\"],\"reports\":true},{\"uid\":31,\"name\":\"Archive Of Sins\",\"domain\":\"archiveofsins.com\",\"http\":true,\"https\":true,\"software\":\"foolfuuka\",\"boards\":[\"h\",\"hc\",\"hm\",\"i\",\"lgbt\",\"r\",\"s\",\"soc\",\"t\",\"u\"],\"files\":[\"h\",\"hc\",\"hm\",\"i\",\"lgbt\",\"r\",\"s\",\"soc\",\"t\",\"u\"],\"reports\":true}]","4chan X.boardConfig":"s{\"boards\":{\"3\":{\"board\":\"3\",\"title\":\"3DCG\",\"ws_board\":1,\"per_page\":15,\"pages\":10,\"max_filesize\":4194304,\"max_webm_filesize\":3145728,\"max_comment_chars\":2000,\"max_webm_duration\":120,\"bump_limit\":310,\"image_limit\":150,\"cooldowns\":{\"threads\":600,\"replies\":60,\"images\":60},\"meta_description\":\"&quot;/3/ - 3DCG&quot; is 4chan's board for 3D modeling and imagery.\",\"is_archived\":1},\"a\":{\"board\":\"a\",\"title\":\"Anime & Manga\",\"ws_board\":1,\"per_page\":15,\"pages\":10,\"max_filesize\":4194304,\"max_webm_filesize\":3145728,\"max_comment_chars\":2000,\"max_webm_duration\":120,\"bump_limit\":500,\"image_limit\":250,\"cooldowns\":{\"threads\":600,\"replies\":60,\"images\":60},\"meta_description\":\"&quot;/a/ - Anime &amp; Manga&quot; is 4chan's imageboard dedicated to the discussion of Japanese animation and manga.\",\"spoilers\":1,\"custom_spoilers\":1,\"is_archived\":1},\"aco\":{\"board\":\"aco\",\"title\":\"Adult Cartoons\",\"ws_board\":0,\"per_page\":15,\"pages\":10,\"max_filesize\":4194304,\"max_webm_filesize\":3145728,\"max_comment_chars\":2000,\"max_webm_duration\":120,\"bump_limit\":300,\"image_limit\":250,\"cooldowns\":{\"threads\":600,\"replies\":60,\"images\":30},\"meta_description\":\"&quot;/aco/ - Adult Cartoons&quot; is 4chan's imageboard for posting western-styled adult cartoon artwork.\",\"is_archived\":1},\"adv\":{\"board\":\"adv\",\"title\":\"Advice\",\"ws_board\":1,\"per_page\":15,\"pages\":10,\"max_filesize\":4194304,\"max_webm_filesize\":3145728,\"max_comment_chars\":2000,\"max_webm_duration\":120,\"bump_limit\":310,\"image_limit\":150,\"cooldowns\":{\"threads\":600,\"replies\":60,\"images\":60},\"meta_description\":\"&quot;/adv/ - Advice&quot; is 4chan's board for giving and receiving advice. \",\"is_archived\":1},\"an\":{\"board\":\"an\",\"title\":\"Animals & Nature\",\"ws_board\":1,\"per_page\":15,\"pages\":10,\"max_filesize\":4194304,\"max_webm_filesize\":3145728,\"max_comment_chars\":2000,\"max_webm_duration\":120,\"bump_limit\":310,\"image_limit\":150,\"cooldowns\":{\"threads\":600,\"replies\":60,\"images\":60},\"meta_description\":\"&quot;/an/ - Animals &amp; Nature&quot; is 4chan's imageboard for posting pictures of animals, pets, and nature.\",\"is_archived\":1},\"asp\":{\"board\":\"asp\",\"title\":\"Alternative Sports & Wrestling\",\"ws_board\":1,\"per_page\":15,\"pages\":10,\"max_filesize\":4194304,\"max_webm_filesize\":3145728,\"max_comment_chars\":2000,\"max_webm_duration\":120,\"bump_limit\":310,\"image_limit\":150,\"cooldowns\":{\"threads\":600,\"replies\":60,\"images\":60},\"meta_description\":\"&quot;/asp/ - Alternative Sports &amp; Wrestling&quot; is 4chan's imageboard for the discussion of alternative and extreme sports such as wrestling and paintball.\",\"is_archived\":1},\"b\":{\"board\":\"b\",\"title\":\"Random\",\"ws_board\":0,\"per_page\":15,\"pages\":10,\"max_filesize\":2097152,\"max_webm_filesize\":2097152,\"max_comment_chars\":2000,\"max_webm_duration\":120,\"bump_limit\":300,\"image_limit\":150,\"cooldowns\":{\"threads\":60,\"replies\":15,\"images\":15},\"meta_description\":\"&quot;/b/ - Random&quot; is the birthplace of Anonymous, and where people go to discuss random topics and create memes on 4chan.\",\"forced_anon\":1},\"bant\":{\"board\":\"bant\",\"title\":\"International/Random\",\"ws_board\":0,\"per_page\":15,\"pages\":10,\"max_filesize\":2097152,\"max_webm_filesize\":2097152,\"max_comment_chars\":2000,\"max_webm_duration\":120,\"bump_limit\":300,\"image_limit\":150,\"cooldowns\":{\"threads\":60,\"replies\":15,\"images\":15},\"meta_description\":\"&quot;/bant/ - International/Random&quot; is 4chan's international hanging out board, where you can have fun with Anonymous all over the world.\",\"user_ids\":1,\"country_flags\":1},\"biz\":{\"board\":\"biz\",\"title\":\"Business & Finance\",\"ws_board\":1,\"per_page\":15,\"pages\":10,\"max_filesize\":4194304,\"max_webm_filesize\":3145728,\"max_comment_chars\":2000,\"max_webm_duration\":120,\"bump_limit\":310,\"image_limit\":150,\"cooldowns\":{\"threads\":600,\"replies\":60,\"images\":60},\"meta_description\":\"&quot;/biz/ - Business &amp; Finance&quot; is 4chan's imageboard for the discussion of business and finance, and cryptocurrencies such as Bitcoin and Dogecoin.\",\"user_ids\":1,\"is_archived\":1},\"c\":{\"board\":\"c\",\"title\":\"Anime/Cute\",\"ws_board\":1,\"per_page\":15,\"pages\":10,\"max_filesize\":4194304,\"max_webm_filesize\":3145728,\"max_comment_chars\":2000,\"max_webm_duration\":120,\"bump_limit\":310,\"image_limit\":150,\"cooldowns\":{\"threads\":600,\"replies\":60,\"images\":60},\"meta_description\":\"&quot;/c/ - Anime/Cute&quot; is 4chan's imageboard for cute and moe anime images.\",\"is_archived\":1},\"cgl\":{\"board\":\"cgl\",\"title\":\"Cosplay & EGL\",\"ws_board\":1,\"per_page\":15,\"pages\":10,\"max_filesize\":4194304,\"max_webm_filesize\":3145728,\"max_comment_chars\":2000,\"max_webm_duration\":120,\"bump_limit\":310,\"image_limit\":150,\"cooldowns\":{\"threads\":600,\"replies\":60,\"images\":60},\"meta_description\":\"&quot;/cgl/ - Cosplay &amp; EGL&quot; is 4chan's imageboard for the discussion of cosplay, elegant gothic lolita (EGL), and anime conventions.\",\"is_archived\":1},\"ck\":{\"board\":\"ck\",\"title\":\"Food & Cooking\",\"ws_board\":1,\"per_page\":15,\"pages\":10,\"max_filesize\":4194304,\"max_webm_filesize\":3145728,\"max_comment_chars\":2000,\"max_webm_duration\":120,\"bump_limit\":310,\"image_limit\":150,\"cooldowns\":{\"threads\":600,\"replies\":60,\"images\":60},\"meta_description\":\"&quot;/ck/ - Food &amp; Cooking&quot; is 4chan's imageboard for food pictures and cooking recipes.\",\"is_archived\":1},\"cm\":{\"board\":\"cm\",\"title\":\"Cute/Male\",\"ws_board\":1,\"per_page\":15,\"pages\":10,\"max_filesize\":4194304,\"max_webm_filesize\":3145728,\"max_comment_chars\":2000,\"max_webm_duration\":120,\"bump_limit\":310,\"image_limit\":150,\"cooldowns\":{\"threads\":600,\"replies\":60,\"images\":60},\"meta_description\":\"&quot;/cm/ - Cute/Male&quot; is 4chan's imageboard for posting pictures of cute anime males.\",\"is_archived\":1},\"co\":{\"board\":\"co\",\"title\":\"Comics & Cartoons\",\"ws_board\":1,\"per_page\":15,\"pages\":10,\"max_filesize\":4194304,\"max_webm_filesize\":3145728,\"max_comment_chars\":2000,\"max_webm_duration\":120,\"bump_limit\":500,\"image_limit\":250,\"cooldowns\":{\"threads\":600,\"replies\":60,\"images\":60},\"meta_description\":\"&quot;/co/ - Comics &amp; Cartoons&quot; is 4chan's imageboard dedicated to the discussion of Western cartoons and comics.\",\"spoilers\":1,\"custom_spoilers\":5,\"is_archived\":1},\"d\":{\"board\":\"d\",\"title\":\"Hentai/Alternative\",\"ws_board\":0,\"per_page\":15,\"pages\":10,\"max_filesize\":4194304,\"max_webm_filesize\":3145728,\"max_comment_chars\":2000,\"max_webm_duration\":120,\"bump_limit\":300,\"image_limit\":250,\"cooldowns\":{\"threads\":600,\"replies\":60,\"images\":30},\"meta_description\":\"&quot;/d/ - Hentai/Alternative&quot; is 4chan's imageboard for alternative hentai images.\",\"is_archived\":1},\"diy\":{\"board\":\"diy\",\"title\":\"Do It Yourself\",\"ws_board\":1,\"per_page\":15,\"pages\":10,\"max_filesize\":4194304,\"max_webm_filesize\":3145728,\"max_comment_chars\":2000,\"max_webm_duration\":120,\"bump_limit\":310,\"image_limit\":150,\"cooldowns\":{\"threads\":600,\"replies\":60,\"images\":60},\"meta_description\":\"&quot;/diy/ - Do It Yourself&quot; is 4chan's imageboard for DIY/do it yourself projects, home improvement, and makers.\",\"is_archived\":1},\"e\":{\"board\":\"e\",\"title\":\"Ecchi\",\"ws_board\":0,\"per_page\":15,\"pages\":10,\"max_filesize\":4194304,\"max_webm_filesize\":3145728,\"max_comment_chars\":2000,\"max_webm_duration\":120,\"bump_limit\":300,\"image_limit\":250,\"cooldowns\":{\"threads\":600,\"replies\":60,\"images\":30},\"meta_description\":\"&quot;/e/ - Ecchi&quot; is 4chan's imageboard for suggestive (ecchi) hentai images.\",\"is_archived\":1},\"f\":{\"board\":\"f\",\"title\":\"Flash\",\"ws_board\":0,\"per_page\":30,\"pages\":1,\"max_filesize\":10485760,\"max_webm_filesize\":3145728,\"max_comment_chars\":2000,\"max_webm_duration\":120,\"bump_limit\":300,\"image_limit\":250,\"cooldowns\":{\"threads\":600,\"replies\":60,\"images\":30},\"meta_description\":\"&quot;/f/ - Flash&quot; is 4chan's upload board for sharing Adobe Flash files (SWFs).\"},\"fa\":{\"board\":\"fa\",\"title\":\"Fashion\",\"ws_board\":1,\"per_page\":15,\"pages\":10,\"max_filesize\":4194304,\"max_webm_filesize\":3145728,\"max_comment_chars\":2000,\"max_webm_duration\":120,\"bump_limit\":310,\"image_limit\":150,\"cooldowns\":{\"threads\":600,\"replies\":60,\"images\":60},\"meta_description\":\"&quot;/fa/ - Fashion&quot; is 4chan's imageboard for images and discussion relating to fashion and apparel.\",\"is_archived\":1},\"fit\":{\"board\":\"fit\",\"title\":\"Fitness\",\"ws_board\":1,\"per_page\":15,\"pages\":10,\"max_filesize\":4194304,\"max_webm_filesize\":3145728,\"max_comment_chars\":2000,\"max_webm_duration\":120,\"bump_limit\":310,\"image_limit\":150,\"cooldowns\":{\"threads\":600,\"replies\":60,\"images\":60},\"meta_description\":\"&quot;/fit/ - Fitness&quot; is 4chan's imageboard for weightlifting, health, and fitness.\",\"is_archived\":1},\"g\":{\"board\":\"g\",\"title\":\"Technology\",\"ws_board\":1,\"per_page\":15,\"pages\":10,\"max_filesize\":4194304,\"max_webm_filesize\":3145728,\"max_comment_chars\":2000,\"max_webm_duration\":120,\"bump_limit\":310,\"image_limit\":150,\"cooldowns\":{\"threads\":600,\"replies\":60,\"images\":60},\"meta_description\":\"&quot;/g/ - Technology&quot; is 4chan's imageboard for discussing computer hardware and software, programming, and general technology.\",\"is_archived\":1,\"code_tags\":1},\"gd\":{\"board\":\"gd\",\"title\":\"Graphic Design\",\"ws_board\":1,\"per_page\":15,\"pages\":10,\"max_filesize\":8388608,\"max_webm_filesize\":3145728,\"max_comment_chars\":2000,\"max_webm_duration\":120,\"bump_limit\":310,\"image_limit\":150,\"cooldowns\":{\"threads\":600,\"replies\":60,\"images\":60},\"meta_description\":\"&quot;/gd/ - Graphic Design&quot; is 4chan's imageboard for graphic design.\",\"is_archived\":1},\"gif\":{\"board\":\"gif\",\"title\":\"Adult GIF\",\"ws_board\":0,\"per_page\":15,\"pages\":10,\"max_filesize\":4194304,\"max_webm_filesize\":4194304,\"max_comment_chars\":2000,\"max_webm_duration\":300,\"bump_limit\":300,\"image_limit\":250,\"cooldowns\":{\"threads\":600,\"replies\":60,\"images\":30},\"meta_description\":\"&quot;/gif/ - Adult GIF&quot; is 4chan's imageboard dedicated to animated adult GIFs and WEBMs.\",\"is_archived\":1,\"webm_audio\":1},\"h\":{\"board\":\"h\",\"title\":\"Hentai\",\"ws_board\":0,\"per_page\":15,\"pages\":10,\"max_filesize\":4194304,\"max_webm_filesize\":3145728,\"max_comment_chars\":2000,\"max_webm_duration\":120,\"bump_limit\":300,\"image_limit\":250,\"cooldowns\":{\"threads\":600,\"replies\":60,\"images\":30},\"meta_description\":\"&quot;/h/ - Hentai&quot; is 4chan's imageboard for adult Japanese anime hentai images.\",\"is_archived\":1},\"hc\":{\"board\":\"hc\",\"title\":\"Hardcore\",\"ws_board\":0,\"per_page\":15,\"pages\":10,\"max_filesize\":8388608,\"max_webm_filesize\":3145728,\"max_comment_chars\":2000,\"max_webm_duration\":120,\"bump_limit\":300,\"image_limit\":250,\"cooldowns\":{\"threads\":600,\"replies\":60,\"images\":30},\"meta_description\":\"&quot;/hc/ - Hardcore&quot; is 4chan's imageboard for the posting of adult hardcore pornography.\",\"is_archived\":1,\"min_image_width\":500,\"min_image_height\":500},\"his\":{\"board\":\"his\",\"title\":\"History & Humanities\",\"ws_board\":1,\"per_page\":15,\"pages\":10,\"max_filesize\":4194304,\"max_webm_filesize\":3145728,\"max_comment_chars\":2000,\"max_webm_duration\":120,\"bump_limit\":310,\"image_limit\":150,\"cooldowns\":{\"threads\":60,\"replies\":15,\"images\":15},\"meta_description\":\"&quot;/his/ - History &amp; Humanities&quot; is 4chan's board for discussing and debating history.\",\"is_archived\":1},\"hm\":{\"board\":\"hm\",\"title\":\"Handsome Men\",\"ws_board\":0,\"per_page\":15,\"pages\":10,\"max_filesize\":8388608,\"max_webm_filesize\":3145728,\"max_comment_chars\":2000,\"max_webm_duration\":120,\"bump_limit\":300,\"image_limit\":150,\"cooldowns\":{\"threads\":600,\"replies\":60,\"images\":30},\"meta_description\":\"&quot;/hm/ - Handsome Men&quot; is 4chan's imageboard dedicated to sharing adult images of handsome men.\",\"is_archived\":1},\"hr\":{\"board\":\"hr\",\"title\":\"High Resolution\",\"ws_board\":0,\"per_page\":15,\"pages\":10,\"max_filesize\":8388608,\"max_webm_filesize\":3145728,\"max_comment_chars\":2000,\"max_webm_duration\":120,\"bump_limit\":300,\"image_limit\":250,\"cooldowns\":{\"threads\":600,\"replies\":60,\"images\":30},\"meta_description\":\"&quot;/hr/ - High Resolution&quot; is 4chan's imageboard for the sharing of high resolution images.\",\"is_archived\":1,\"min_image_width\":1000,\"min_image_height\":1000},\"i\":{\"board\":\"i\",\"title\":\"Oekaki\",\"ws_board\":0,\"per_page\":15,\"pages\":10,\"max_filesize\":4194304,\"max_webm_filesize\":3145728,\"max_comment_chars\":2000,\"max_webm_duration\":120,\"bump_limit\":300,\"image_limit\":250,\"cooldowns\":{\"threads\":600,\"replies\":60,\"images\":30},\"meta_description\":\"&quot;/i/ - Oekaki&quot; is 4chan's oekaki board for drawing and sharing art.\",\"is_archived\":1,\"oekaki\":1},\"ic\":{\"board\":\"ic\",\"title\":\"Artwork/Critique\",\"ws_board\":0,\"per_page\":15,\"pages\":10,\"max_filesize\":4194304,\"max_webm_filesize\":3145728,\"max_comment_chars\":2000,\"max_webm_duration\":120,\"bump_limit\":300,\"image_limit\":250,\"cooldowns\":{\"threads\":600,\"replies\":60,\"images\":30},\"meta_description\":\"&quot;/ic/ - Artwork/Critique&quot; is 4chan's imageboard for the discussion and critique of art.\",\"is_archived\":1},\"int\":{\"board\":\"int\",\"title\":\"International\",\"ws_board\":1,\"per_page\":15,\"pages\":10,\"max_filesize\":4194304,\"max_webm_filesize\":3145728,\"max_comment_chars\":2000,\"max_webm_duration\":120,\"bump_limit\":310,\"image_limit\":150,\"cooldowns\":{\"threads\":600,\"replies\":60,\"images\":60},\"meta_description\":\"&quot;/int/ - International&quot; is 4chan's international board, for the exchange of foreign language and culture.\",\"is_archived\":1,\"country_flags\":1},\"jp\":{\"board\":\"jp\",\"title\":\"Otaku Culture\",\"ws_board\":1,\"per_page\":15,\"pages\":10,\"max_filesize\":4194304,\"max_webm_filesize\":3145728,\"max_comment_chars\":5000,\"max_webm_duration\":120,\"bump_limit\":310,\"image_limit\":300,\"cooldowns\":{\"threads\":3600,\"replies\":60,\"images\":60},\"meta_description\":\"&quot;/jp/ - Otaku Culture&quot; is 4chan's board for discussing Japanese otaku culture.\",\"spoilers\":1,\"custom_spoilers\":1,\"is_archived\":1,\"sjis_tags\":1},\"k\":{\"board\":\"k\",\"title\":\"Weapons\",\"ws_board\":1,\"per_page\":15,\"pages\":10,\"max_filesize\":4194304,\"max_webm_filesize\":3145728,\"max_comment_chars\":2000,\"max_webm_duration\":120,\"bump_limit\":310,\"image_limit\":150,\"cooldowns\":{\"threads\":600,\"replies\":60,\"images\":60},\"meta_description\":\"&quot;/k/ - Weapons&quot; is 4chan's imageboard for discussing all types of weaponry, from military tanks to guns and knives.\",\"is_archived\":1},\"lgbt\":{\"board\":\"lgbt\",\"title\":\"LGBT\",\"ws_board\":1,\"per_page\":15,\"pages\":10,\"max_filesize\":4194304,\"max_webm_filesize\":3145728,\"max_comment_chars\":2000,\"max_webm_duration\":120,\"bump_limit\":310,\"image_limit\":150,\"cooldowns\":{\"threads\":600,\"replies\":60,\"images\":60},\"meta_description\":\"&quot;/lgbt/ - LGBT&quot; is 4chan's imageboard for Lesbian-Gay-Bisexual-Transgender-Queer and sexuality discussion.\",\"is_archived\":1},\"lit\":{\"board\":\"lit\",\"title\":\"Literature\",\"ws_board\":1,\"per_page\":15,\"pages\":10,\"max_filesize\":4194304,\"max_webm_filesize\":3145728,\"max_comment_chars\":3000,\"max_webm_duration\":120,\"bump_limit\":310,\"image_limit\":150,\"cooldowns\":{\"threads\":600,\"replies\":60,\"images\":60},\"meta_description\":\"&quot;/lit/ - Literature&quot; is 4chan's board for the discussion of books, authors, and literature.\",\"spoilers\":1,\"custom_spoilers\":1,\"is_archived\":1},\"m\":{\"board\":\"m\",\"title\":\"Mecha\",\"ws_board\":1,\"per_page\":15,\"pages\":10,\"max_filesize\":4194304,\"max_webm_filesize\":3145728,\"max_comment_chars\":2000,\"max_webm_duration\":120,\"bump_limit\":310,\"image_limit\":150,\"cooldowns\":{\"threads\":600,\"replies\":60,\"images\":60},\"meta_description\":\"&quot;/m/ - Mecha&quot; is 4chan's imageboard for discussing Japanese mecha robots and anime, like Gundam and Macross.\",\"spoilers\":1,\"custom_spoilers\":4,\"is_archived\":1},\"mlp\":{\"board\":\"mlp\",\"title\":\"Pony\",\"ws_board\":1,\"per_page\":15,\"pages\":10,\"max_filesize\":4194304,\"max_webm_filesize\":3145728,\"max_comment_chars\":2000,\"max_webm_duration\":120,\"bump_limit\":500,\"image_limit\":250,\"cooldowns\":{\"threads\":600,\"replies\":60,\"images\":60},\"meta_description\":\"&quot;/mlp/ - Pony&quot; is 4chan's imageboard dedicated to the discussion of My Little Pony: Friendship is Magic.\",\"spoilers\":1,\"custom_spoilers\":1,\"is_archived\":1},\"mu\":{\"board\":\"mu\",\"title\":\"Music\",\"ws_board\":1,\"per_page\":15,\"pages\":10,\"max_filesize\":4194304,\"max_webm_filesize\":3145728,\"max_comment_chars\":2000,\"max_webm_duration\":120,\"bump_limit\":310,\"image_limit\":150,\"cooldowns\":{\"threads\":600,\"replies\":60,\"images\":60},\"meta_description\":\"&quot;/mu/ - Music&quot; is 4chan's imageboard for discussing all types of music.\",\"is_archived\":1},\"n\":{\"board\":\"n\",\"title\":\"Transportation\",\"ws_board\":1,\"per_page\":15,\"pages\":10,\"max_filesize\":4194304,\"max_webm_filesize\":3145728,\"max_comment_chars\":2000,\"max_webm_duration\":120,\"bump_limit\":310,\"image_limit\":150,\"cooldowns\":{\"threads\":600,\"replies\":60,\"images\":60},\"meta_description\":\"&quot;/n/ - Transportation&quot; is 4chan's imageboard for discussing modes of transportation like trains and bicycles.\",\"is_archived\":1},\"news\":{\"board\":\"news\",\"title\":\"Current News\",\"ws_board\":1,\"per_page\":15,\"pages\":10,\"max_filesize\":4194304,\"max_webm_filesize\":3145728,\"max_comment_chars\":2000,\"max_webm_duration\":120,\"bump_limit\":500,\"image_limit\":250,\"cooldowns\":{\"threads\":600,\"replies\":60,\"images\":60},\"meta_description\":\"&quot;/news/ - Current News; is 4chan's board for current news. \",\"spoilers\":1,\"custom_spoilers\":1,\"is_archived\":1,\"text_only\":1,\"require_subject\":1},\"o\":{\"board\":\"o\",\"title\":\"Auto\",\"ws_board\":1,\"per_page\":15,\"pages\":10,\"max_filesize\":4194304,\"max_webm_filesize\":3145728,\"max_comment_chars\":2000,\"max_webm_duration\":120,\"bump_limit\":310,\"image_limit\":150,\"cooldowns\":{\"threads\":600,\"replies\":60,\"images\":60},\"meta_description\":\"&quot;/o/ - Auto&quot; is 4chan's imageboard for discussing cars and motorcycles.\",\"is_archived\":1},\"out\":{\"board\":\"out\",\"title\":\"Outdoors\",\"ws_board\":1,\"per_page\":15,\"pages\":10,\"max_filesize\":5242880,\"max_webm_filesize\":3145728,\"max_comment_chars\":2000,\"max_webm_duration\":120,\"bump_limit\":310,\"image_limit\":150,\"cooldowns\":{\"threads\":600,\"replies\":60,\"images\":60},\"meta_description\":\"&quot;/out/ - Outdoors&quot; is 4chan's imageboard for discussing survivalist skills and outdoor activities such as hiking.\",\"is_archived\":1},\"p\":{\"board\":\"p\",\"title\":\"Photography\",\"ws_board\":1,\"per_page\":15,\"pages\":10,\"max_filesize\":5242880,\"max_webm_filesize\":3145728,\"max_comment_chars\":2000,\"max_webm_duration\":120,\"bump_limit\":310,\"image_limit\":150,\"cooldowns\":{\"threads\":600,\"replies\":60,\"images\":60},\"meta_description\":\"&quot;/p/ - Photography&quot; is 4chan's imageboard for sharing and critiquing photos.\",\"is_archived\":1},\"po\":{\"board\":\"po\",\"title\":\"Papercraft & Origami\",\"ws_board\":1,\"per_page\":15,\"pages\":10,\"max_filesize\":8388608,\"max_webm_filesize\":3145728,\"max_comment_chars\":2000,\"max_webm_duration\":120,\"bump_limit\":310,\"image_limit\":150,\"cooldowns\":{\"threads\":600,\"replies\":60,\"images\":60},\"meta_description\":\"&quot;/po/ - Papercraft &amp; Origami&quot; is 4chan's imageboard for posting papercraft and origami templates and instructions.\",\"is_archived\":1},\"pol\":{\"board\":\"pol\",\"title\":\"Politically Incorrect\",\"ws_board\":0,\"per_page\":20,\"pages\":10,\"max_filesize\":4194304,\"max_webm_filesize\":3145728,\"max_comment_chars\":2000,\"max_webm_duration\":120,\"bump_limit\":300,\"image_limit\":250,\"cooldowns\":{\"threads\":60,\"replies\":15,\"images\":15},\"meta_description\":\"&quot;/pol/ - Politically Incorrect&quot; is 4chan's board for discussing and debating politics and current events.\",\"user_ids\":1,\"is_archived\":1,\"troll_flags\":1},\"qa\":{\"board\":\"qa\",\"title\":\"Question & Answer\",\"ws_board\":1,\"per_page\":15,\"pages\":10,\"max_filesize\":4194304,\"max_webm_filesize\":3145728,\"max_comment_chars\":2000,\"max_webm_duration\":120,\"bump_limit\":310,\"image_limit\":150,\"cooldowns\":{\"threads\":600,\"replies\":60,\"images\":60},\"meta_description\":\"&quot;/qa/ - Question &amp; Answer&quot; is 4chan's imageboard for question and answer threads.\",\"is_archived\":1},\"qst\":{\"board\":\"qst\",\"title\":\"Quests\",\"ws_board\":1,\"per_page\":15,\"pages\":10,\"max_filesize\":8388608,\"max_webm_filesize\":3145728,\"max_comment_chars\":3000,\"max_webm_duration\":120,\"bump_limit\":750,\"image_limit\":250,\"cooldowns\":{\"threads\":600,\"replies\":60,\"images\":60},\"meta_description\":\"&quot;/qst/ - Quests&quot; is 4chan's imageboard for grinding XP.\",\"spoilers\":1,\"user_ids\":1,\"is_archived\":1,\"require_subject\":1,\"oekaki\":1},\"r\":{\"board\":\"r\",\"title\":\"Adult Requests\",\"ws_board\":0,\"per_page\":15,\"pages\":10,\"max_filesize\":8388608,\"max_webm_filesize\":3145728,\"max_comment_chars\":2000,\"max_webm_duration\":120,\"bump_limit\":300,\"image_limit\":250,\"cooldowns\":{\"threads\":600,\"replies\":60,\"images\":30},\"meta_description\":\"&quot;/r/ - Request&quot; is 4chan's imageboard dedicated to fulfilling all types of user requests.\",\"is_archived\":1,\"webm_audio\":1},\"r9k\":{\"board\":\"r9k\",\"title\":\"ROBOT9001\",\"ws_board\":0,\"per_page\":15,\"pages\":10,\"max_filesize\":2097152,\"max_webm_filesize\":3145728,\"max_comment_chars\":2000,\"max_webm_duration\":120,\"bump_limit\":500,\"image_limit\":150,\"cooldowns\":{\"threads\":600,\"replies\":60,\"images\":30},\"meta_description\":\"&quot;/r9k/ - ROBOT9001&quot; is a board for hanging out and posting greentext stories.\",\"spoilers\":1,\"is_archived\":1},\"s\":{\"board\":\"s\",\"title\":\"Sexy Beautiful Women\",\"ws_board\":0,\"per_page\":15,\"pages\":10,\"max_filesize\":8388608,\"max_webm_filesize\":3145728,\"max_comment_chars\":2000,\"max_webm_duration\":120,\"bump_limit\":300,\"image_limit\":150,\"cooldowns\":{\"threads\":600,\"replies\":60,\"images\":30},\"meta_description\":\"&quot;/s/ - Sexy Beautiful Women&quot; is 4chan's imageboard dedicated to sharing images of softcore pornography.\",\"is_archived\":1,\"min_image_width\":500,\"min_image_height\":500},\"s4s\":{\"board\":\"s4s\",\"title\":\"Shit 4chan Says\",\"ws_board\":0,\"per_page\":15,\"pages\":10,\"max_filesize\":2097152,\"max_webm_filesize\":3145728,\"max_comment_chars\":2000,\"max_webm_duration\":120,\"bump_limit\":300,\"image_limit\":250,\"cooldowns\":{\"threads\":300,\"replies\":60,\"images\":30},\"meta_description\":\"&quot;[s4s] - Shit 4chan Says&quot; is 4chan's imageboard for posting dank memes :^)\",\"spoilers\":1,\"custom_spoilers\":6,\"is_archived\":1},\"sci\":{\"board\":\"sci\",\"title\":\"Science & Math\",\"ws_board\":1,\"per_page\":15,\"pages\":10,\"max_filesize\":4194304,\"max_webm_filesize\":3145728,\"max_comment_chars\":2000,\"max_webm_duration\":120,\"bump_limit\":310,\"image_limit\":150,\"cooldowns\":{\"threads\":600,\"replies\":60,\"images\":60},\"meta_description\":\"&quot;/sci/ - Science &amp; Math&quot; is 4chan's board for the discussion of science and math.\",\"is_archived\":1,\"math_tags\":1},\"soc\":{\"board\":\"soc\",\"title\":\"Cams & Meetups\",\"ws_board\":0,\"per_page\":15,\"pages\":10,\"max_filesize\":5242880,\"max_webm_filesize\":3145728,\"max_comment_chars\":2000,\"max_webm_duration\":120,\"bump_limit\":500,\"image_limit\":250,\"cooldowns\":{\"threads\":600,\"replies\":60,\"images\":30},\"meta_description\":\"&quot;/soc/ - Cams &amp; Meetups&quot; is 4chan's board for camwhores and meetups.\",\"user_ids\":1,\"is_archived\":1,\"forced_anon\":1},\"sp\":{\"board\":\"sp\",\"title\":\"Sports\",\"ws_board\":1,\"per_page\":15,\"pages\":10,\"max_filesize\":4194304,\"max_webm_filesize\":3145728,\"max_comment_chars\":2000,\"max_webm_duration\":120,\"bump_limit\":500,\"image_limit\":250,\"cooldowns\":{\"threads\":600,\"replies\":60,\"images\":60},\"meta_description\":\"&quot;/sp/ - Sports&quot; is 4chan's imageboard for sports discussion.\",\"is_archived\":1,\"country_flags\":1},\"t\":{\"board\":\"t\",\"title\":\"Torrents\",\"ws_board\":0,\"per_page\":15,\"pages\":10,\"max_filesize\":4194304,\"max_webm_filesize\":3145728,\"max_comment_chars\":2000,\"max_webm_duration\":120,\"bump_limit\":300,\"image_limit\":250,\"cooldowns\":{\"threads\":600,\"replies\":60,\"images\":30},\"meta_description\":\"&quot;/t/ - Torrents&quot; is 4chan's imageboard for posting links and descriptions to torrents.\",\"is_archived\":1},\"tg\":{\"board\":\"tg\",\"title\":\"Traditional Games\",\"ws_board\":1,\"per_page\":15,\"pages\":10,\"max_filesize\":8388608,\"max_webm_filesize\":3145728,\"max_comment_chars\":2000,\"max_webm_duration\":120,\"bump_limit\":310,\"image_limit\":150,\"cooldowns\":{\"threads\":600,\"replies\":60,\"images\":60},\"meta_description\":\"&quot;/tg/ - Traditional Games&quot; is 4chan's imageboard for discussing traditional gaming, such as board games and tabletop RPGs.\",\"spoilers\":1,\"custom_spoilers\":2,\"is_archived\":1},\"toy\":{\"board\":\"toy\",\"title\":\"Toys\",\"ws_board\":1,\"per_page\":15,\"pages\":10,\"max_filesize\":4194304,\"max_webm_filesize\":3145728,\"max_comment_chars\":2000,\"max_webm_duration\":120,\"bump_limit\":310,\"image_limit\":150,\"cooldowns\":{\"threads\":600,\"replies\":60,\"images\":60},\"meta_description\":\"&quot;/toy/ - Toys&quot; is 4chan's imageboard for talking about all kinds of toys!\",\"is_archived\":1},\"trash\":{\"board\":\"trash\",\"title\":\"Off-Topic\",\"ws_board\":0,\"per_page\":15,\"pages\":10,\"max_filesize\":4194304,\"max_webm_filesize\":3145728,\"max_comment_chars\":2000,\"max_webm_duration\":120,\"bump_limit\":300,\"image_limit\":250,\"cooldowns\":{\"threads\":600,\"replies\":60,\"images\":30},\"meta_description\":\"&quot;/trash/ - Off-topic&quot; is 4chan's imageboard jail for off-topic threads.\",\"forced_anon\":1},\"trv\":{\"board\":\"trv\",\"title\":\"Travel\",\"ws_board\":1,\"per_page\":15,\"pages\":10,\"max_filesize\":8388608,\"max_webm_filesize\":3145728,\"max_comment_chars\":2000,\"max_webm_duration\":120,\"bump_limit\":310,\"image_limit\":150,\"cooldowns\":{\"threads\":600,\"replies\":60,\"images\":60},\"meta_description\":\"&quot;/trv/ - Travel&quot; is 4chan's imageboard dedicated to travel and the countries of the world.\",\"is_archived\":1},\"tv\":{\"board\":\"tv\",\"title\":\"Television & Film\",\"ws_board\":1,\"per_page\":15,\"pages\":10,\"max_filesize\":4194304,\"max_webm_filesize\":3145728,\"max_comment_chars\":2000,\"max_webm_duration\":120,\"bump_limit\":310,\"image_limit\":150,\"cooldowns\":{\"threads\":600,\"replies\":60,\"images\":60},\"meta_description\":\"&quot;/tv/ - Television &amp; Film&quot; is 4chan's imageboard dedicated to the discussion of television and film.\",\"spoilers\":1,\"custom_spoilers\":5,\"is_archived\":1},\"u\":{\"board\":\"u\",\"title\":\"Yuri\",\"ws_board\":0,\"per_page\":15,\"pages\":10,\"max_filesize\":4194304,\"max_webm_filesize\":3145728,\"max_comment_chars\":2000,\"max_webm_duration\":120,\"bump_limit\":300,\"image_limit\":250,\"cooldowns\":{\"threads\":600,\"replies\":60,\"images\":30},\"meta_description\":\"&quot;/u/ - Yuri&quot; is 4chan's imageboard for yuri hentai images.\",\"spoilers\":1,\"is_archived\":1},\"v\":{\"board\":\"v\",\"title\":\"Video Games\",\"ws_board\":1,\"per_page\":15,\"pages\":10,\"max_filesize\":4194304,\"max_webm_filesize\":3145728,\"max_comment_chars\":2000,\"max_webm_duration\":120,\"bump_limit\":500,\"image_limit\":250,\"cooldowns\":{\"threads\":600,\"replies\":60,\"images\":60},\"meta_description\":\"&quot;/v/ - Video Games&quot; is 4chan's imageboard dedicated to the discussion of PC and console video games.\",\"spoilers\":1,\"custom_spoilers\":1,\"is_archived\":1},\"vg\":{\"board\":\"vg\",\"title\":\"Video Game Generals\",\"ws_board\":1,\"per_page\":15,\"pages\":10,\"max_filesize\":4194304,\"max_webm_filesize\":3145728,\"max_comment_chars\":2000,\"max_webm_duration\":120,\"bump_limit\":750,\"image_limit\":250,\"cooldowns\":{\"threads\":600,\"replies\":90,\"images\":120},\"meta_description\":\"&quot;/vg/ - Video Game Generals&quot; is 4chan's imageboard dedicated to the discussion of PC and console video games.\",\"spoilers\":1,\"custom_spoilers\":1,\"is_archived\":1,\"require_subject\":1},\"vip\":{\"board\":\"vip\",\"title\":\"Very Important Posts\",\"ws_board\":1,\"per_page\":15,\"pages\":10,\"max_filesize\":4194304,\"max_webm_filesize\":3145728,\"max_comment_chars\":2000,\"max_webm_duration\":120,\"bump_limit\":300,\"image_limit\":300,\"cooldowns\":{\"threads\":600,\"replies\":60,\"images\":60},\"meta_description\":\"&quot;/vip/ - Very Important Posts&quot; is 4chan's imageboard for Pass users.\",\"spoilers\":1,\"is_archived\":1,\"sjis_tags\":1,\"oekaki\":1},\"vp\":{\"board\":\"vp\",\"title\":\"Pokémon\",\"ws_board\":1,\"per_page\":15,\"pages\":10,\"max_filesize\":4194304,\"max_webm_filesize\":3145728,\"max_comment_chars\":2000,\"max_webm_duration\":120,\"bump_limit\":310,\"image_limit\":150,\"cooldowns\":{\"threads\":600,\"replies\":60,\"images\":60},\"meta_description\":\"&quot;/vp/ - Pok&eacute;mon&quot; is 4chan's imageboard dedicated to discussing the Pok&eacute;mon series of video games and shows.\",\"spoilers\":1,\"custom_spoilers\":1,\"is_archived\":1},\"vr\":{\"board\":\"vr\",\"title\":\"Retro Games\",\"ws_board\":1,\"per_page\":15,\"pages\":10,\"max_filesize\":4194304,\"max_webm_filesize\":3145728,\"max_comment_chars\":2000,\"max_webm_duration\":120,\"bump_limit\":500,\"image_limit\":250,\"cooldowns\":{\"threads\":600,\"replies\":60,\"images\":60},\"meta_description\":\"&quot;/vr/ - Retro Games&quot; is 4chan's imageboard for discussing retro console video games and classic arcade games.\",\"spoilers\":1,\"custom_spoilers\":2,\"is_archived\":1},\"w\":{\"board\":\"w\",\"title\":\"Anime/Wallpapers\",\"ws_board\":1,\"per_page\":15,\"pages\":10,\"max_filesize\":6291456,\"max_webm_filesize\":3145728,\"max_comment_chars\":2000,\"max_webm_duration\":120,\"bump_limit\":310,\"image_limit\":250,\"cooldowns\":{\"threads\":600,\"replies\":60,\"images\":60},\"meta_description\":\"&quot;/w/ - Anime/Wallpapers&quot; is 4chan's imageboard for posting Japanese anime wallpapers.\",\"is_archived\":1,\"min_image_width\":480,\"min_image_height\":600},\"wg\":{\"board\":\"wg\",\"title\":\"Wallpapers/General\",\"ws_board\":0,\"per_page\":15,\"pages\":10,\"max_filesize\":6291456,\"max_webm_filesize\":3145728,\"max_comment_chars\":2000,\"max_webm_duration\":120,\"bump_limit\":300,\"image_limit\":250,\"cooldowns\":{\"threads\":600,\"replies\":60,\"images\":30},\"meta_description\":\"&quot;/wg/ - Wallpapers/General&quot; is 4chan's imageboard for posting general wallpapers.\",\"is_archived\":1,\"min_image_width\":480,\"min_image_height\":600},\"wsg\":{\"board\":\"wsg\",\"title\":\"Worksafe GIF\",\"ws_board\":1,\"per_page\":15,\"pages\":10,\"max_filesize\":4194304,\"max_webm_filesize\":4194304,\"max_comment_chars\":2000,\"max_webm_duration\":300,\"bump_limit\":310,\"image_limit\":150,\"cooldowns\":{\"threads\":600,\"replies\":60,\"images\":60},\"meta_description\":\"&quot;/wsg/ - Worksafe GIF&quot; is 4chan's imageboard dedicated to sharing worksafe animated GIFs and WEBMs.\",\"is_archived\":1,\"webm_audio\":1},\"wsr\":{\"board\":\"wsr\",\"title\":\"Worksafe Requests\",\"ws_board\":1,\"per_page\":15,\"pages\":10,\"max_filesize\":8388608,\"max_webm_filesize\":3145728,\"max_comment_chars\":2000,\"max_webm_duration\":120,\"bump_limit\":310,\"image_limit\":150,\"cooldowns\":{\"threads\":600,\"replies\":60,\"images\":60},\"meta_description\":\"&quot;/wsr/ - Worksafe Requests&quot; is 4chan's imageboard dedicated to fulfilling non-NSFW requests.\",\"is_archived\":1,\"webm_audio\":1},\"x\":{\"board\":\"x\",\"title\":\"Paranormal\",\"ws_board\":1,\"per_page\":15,\"pages\":10,\"max_filesize\":4194304,\"max_webm_filesize\":3145728,\"max_comment_chars\":2000,\"max_webm_duration\":120,\"bump_limit\":310,\"image_limit\":150,\"cooldowns\":{\"threads\":600,\"replies\":60,\"images\":60},\"meta_description\":\"&quot;/x/ - Paranormal&quot; is 4chan's imageboard for the discussion of paranormal, spooky pictures and conspiracy theories.\",\"is_archived\":1},\"y\":{\"board\":\"y\",\"title\":\"Yaoi\",\"ws_board\":0,\"per_page\":15,\"pages\":10,\"max_filesize\":4194304,\"max_webm_filesize\":3145728,\"max_comment_chars\":2000,\"max_webm_duration\":120,\"bump_limit\":300,\"image_limit\":250,\"cooldowns\":{\"threads\":600,\"replies\":60,\"images\":30},\"meta_description\":\"&quot;/y/ - Yaoi&quot; is 4chan's imageboard for posting adult yaoi hentai images.\",\"is_archived\":1}},\"troll_flags\":{\"AC\":\"Anarcho-Capitalist\",\"AN\":\"Anarchist\",\"BL\":\"Black Nationalist\",\"CF\":\"Confederate\",\"CM\":\"Communist\",\"CT\":\"Catalonia\",\"DM\":\"Democrat\",\"EU\":\"European\",\"FC\":\"Fascist\",\"GN\":\"Gadsden\",\"GY\":\"Gay\",\"JH\":\"Jihadi\",\"KN\":\"Kekistani\",\"MF\":\"Muslim\",\"NB\":\"National Bolshevik\",\"NZ\":\"Nazi\",\"PC\":\"Hippie\",\"PR\":\"Pirate\",\"RE\":\"Republican\",\"TM\":\"Templar\",\"TR\":\"Tree Hugger\",\"UN\":\"United Nations\",\"WP\":\"White Supremacist\"},\"lastChecked\":1543608191723}","4chan X.lastReadPosts":"s{\"4channel.org\":{\"boards\":{\"g\":{\"68681818\":68689679,\"68683691\":68687186,\"68685467\":68689570,\"68688657\":68688796,\"68688757\":68688841,\"68688855\":68689574,\"68697121\":68697121,\"68697857\":68697917,\"68706806\":68707239,\"68713431\":68713621,\"68722220\":68726084,\"68725691\":68726139}},\"lastChecked\":1543608191405},\"version\":78,\"4chan.org\":{\"boards\":{\"pol\":{\"194849705\":194850495,\"194947511\":194950938,\"194947668\":194951122,\"195040717\":195041435}},\"lastChecked\":1543517451518}}","4chan X.lastarchivecheck":"s1543485091692","4chan X.previousversion":"s\"1.14.3.2\"","4chan X.watchedThreads":"s{\"4channel.org\":{\"boards\":{},\"lastChecked\":1543608191411},\"version\":43,\"4chan.org\":{\"boards\":{},\"lastChecked\":1543517451519}}"},"ts":1543608447188}