{"options":{"awareOfChrome":false,"check_for_updates":true,"comment":null,"compat_arrayleft":false,"compat_foreach":false,"compat_forvarin":false,"compat_metadata":false,"compat_uW_gmonkey":false,"compat_wrappedjsobject":true,"compatopts_for_requires":true,"noframes":null,"override":{"merge_connects":true,"merge_excludes":true,"merge_includes":true,"merge_matches":true,"orig_connects":["4chan.org","4cdn.org","mayhemydg.github.io","archive.4plebs.org","archive.nyafuu.org","archive.rebeccablacktech.com","warosu.org","desuarchive.org","boards.fireden.net","arch.b4k.co","archive.b-stats.org","archived.moe","thebarchive.com","archiveofsins.com","api.clyp.it","api.dailymotion.com","api.github.com","soundcloud.com","vimeo.com","www.googleapis.com","*"],"orig_excludes":["http://www.4chan.org/pass","https://www.4chan.org/pass","http://www.4chan.org/pass?*","https://www.4chan.org/pass?*","http://www.4chan.org/advertise","https://www.4chan.org/advertise","http://www.4chan.org/advertise?*","https://www.4chan.org/advertise?*","http://www.4chan.org/donate","https://www.4chan.org/donate","http://www.4chan.org/donate?*","https://www.4chan.org/donate?*"],"orig_includes":["http://boards.4chan.org/*","https://boards.4chan.org/*","http://boards.4channel.org/*","https://boards.4channel.org/*","http://sys.4chan.org/*","https://sys.4chan.org/*","http://www.4chan.org/*","https://www.4chan.org/*","http://i.4cdn.org/*","https://i.4cdn.org/*","http://is.4chan.org/*","https://is.4chan.org/*","http://is2.4chan.org/*","https://is2.4chan.org/*","https://www.google.com/recaptcha/api2/anchor?k=6Ldp2bsSAAAAAAJ5uyx_lx34lJeEpTLVkP5k04qc*","https://www.google.com/recaptcha/api2/frame?*&k=6Ldp2bsSAAAAAAJ5uyx_lx34lJeEpTLVkP5k04qc*","https://www.google.com/recaptcha/api2/frame?*&k=887877714&*","https://www.google.com/recaptcha/api2/bframe?*&k=6Ldp2bsSAAAAAAJ5uyx_lx34lJeEpTLVkP5k04qc*","http://www.google.com/recaptcha/api/fallback?k=6Ldp2bsSAAAAAAJ5uyx_lx34lJeEpTLVkP5k04qc*","https://www.google.com/recaptcha/api/fallback?k=6Ldp2bsSAAAAAAJ5uyx_lx34lJeEpTLVkP5k04qc*"],"orig_matches":[],"orig_noframes":null,"orig_run_at":"document-start","use_blockers":[],"use_connects":[],"use_excludes":[],"use_includes":[],"use_matches":[]},"run_at":null},"settings":{"enabled":false,"position":11},"meta":{"name":"4channel X","uuid":"777748c2-870a-4782-a822-4585b4ba64c1","modified":1543271390684,"file_url":"https://greasyfork.org/scripts/374720-4channel-x/code/4channel%20X.user.js"}}