{"options":{"awareOfChrome":false,"check_for_updates":true,"comment":null,"compat_arrayleft":false,"compat_foreach":false,"compat_forvarin":false,"compat_metadata":false,"compat_uW_gmonkey":false,"compat_wrappedjsobject":false,"compatopts_for_requires":true,"noframes":null,"override":{"merge_connects":true,"merge_excludes":true,"merge_includes":true,"merge_matches":true,"orig_connects":[],"orig_excludes":["*://www.youtube.com/tv*","*://www.youtube.com/embed/*","*://www.youtube.com/live_chat*","*://www.youtube.com/feed/subscriptions?flow=2*"],"orig_includes":[],"orig_matches":["*://www.youtube.com/*"],"orig_noframes":null,"orig_run_at":"document-start","use_blockers":[],"use_connects":[],"use_excludes":[],"use_includes":[],"use_matches":[]},"run_at":null},"settings":{"enabled":false,"position":17},"meta":{"name":"Get me Old Youtube","uuid":"70340be0-c06b-43f5-8e04-b4728e07d9d7","modified":1573609656274,"file_url":"https://greasyfork.org/scripts/32906-get-me-old-youtube/code/Get%20me%20Old%20Youtube.user.js"}}