{"options":{"awareOfChrome":false,"check_for_updates":true,"comment":null,"compat_arrayleft":false,"compat_foreach":false,"compat_forvarin":false,"compat_metadata":false,"compat_uW_gmonkey":false,"compat_wrappedjsobject":false,"compatopts_for_requires":true,"noframes":null,"override":{"merge_connects":true,"merge_excludes":true,"merge_includes":true,"merge_matches":true,"orig_connects":[],"orig_excludes":[],"orig_includes":["http://www.google.*/search*","https://www.google.*/search*","https://www.google.*/*","https://encrypted.google.*/search*","https://encrypted.google.*/*","https://spmbt.github.io/googleSearchExtraButtons/saveYourLocalStorage.html","https://www.gstatic.com/sites/p/b9356d/system/services/test.html","https://www.gstatic.com/index.html"],"orig_matches":[],"orig_noframes":null,"orig_run_at":"document-idle","use_blockers":[],"use_connects":[],"use_excludes":[],"use_includes":[],"use_matches":[]},"run_at":null},"settings":{"enabled":false,"position":4},"meta":{"name":"Google Search Extra Buttons","uuid":"1d2f1d4f-3efc-463c-84ea-961abf42d732","modified":1542711537272,"file_url":"https://greasyfork.org/scripts/7543-google-search-extra-buttons/code/Google%20Search%20Extra%20Buttons.user.js"}}