{"options":{"awareOfChrome":false,"check_for_updates":true,"comment":null,"compat_arrayleft":false,"compat_foreach":false,"compat_forvarin":false,"compat_metadata":false,"compat_uW_gmonkey":false,"compat_wrappedjsobject":false,"compatopts_for_requires":true,"noframes":null,"override":{"merge_connects":true,"merge_excludes":true,"merge_includes":true,"merge_matches":true,"orig_connects":[],"orig_excludes":[],"orig_includes":[],"orig_matches":["*://boards.4chan.org/*/thread/*","*://boards.420chan.org/*/res/*","file:///*/*"],"orig_noframes":null,"orig_run_at":"document-idle","use_blockers":[],"use_connects":[],"use_excludes":[],"use_includes":[],"use_matches":[]},"run_at":null},"settings":{"enabled":false,"position":10},"meta":{"name":"img2tab","uuid":"5a1cb762-eb12-4c96-8b30-48c9dd6cbd5f","modified":1533771892130,"file_url":"https://openuserjs.org/install/img2tab/img2tab.user.js"}}