{"options":{"awareOfChrome":false,"check_for_updates":true,"comment":null,"compat_arrayleft":false,"compat_foreach":false,"compat_forvarin":false,"compat_metadata":false,"compat_uW_gmonkey":false,"compat_wrappedjsobject":false,"compatopts_for_requires":true,"noframes":null,"override":{"merge_connects":true,"merge_excludes":true,"merge_includes":true,"merge_matches":true,"orig_connects":[],"orig_excludes":[],"orig_includes":[],"orig_matches":["*://boards.4chan.org/*","*://boards.4channel.org/*"],"orig_noframes":null,"orig_run_at":"document-start","use_blockers":[],"use_connects":[],"use_excludes":[],"use_includes":[],"use_matches":[]},"run_at":null},"settings":{"enabled":false,"position":12},"meta":{"name":"OneeChan (4channel Update)","uuid":"5f7f0c79-59b8-436e-b882-1bda91c392a3","modified":1543271458342,"file_url":"https://greasyfork.org/scripts/374723-oneechan-4channel-update/code/OneeChan%20(4channel%20Update).user.js"}}