{"options":{"awareOfChrome":false,"check_for_updates":true,"comment":null,"compat_arrayleft":false,"compat_foreach":false,"compat_forvarin":false,"compat_metadata":false,"compat_uW_gmonkey":false,"compat_wrappedjsobject":false,"compatopts_for_requires":true,"noframes":null,"override":{"merge_connects":true,"merge_excludes":true,"merge_includes":true,"merge_matches":true,"orig_connects":[],"orig_excludes":[],"orig_includes":["http*://*.youtube.com/*","http*://youtube.com/*","http*://*.youtu.be/*","http*://youtu.be/*"],"orig_matches":[],"orig_noframes":null,"orig_run_at":"document-idle","use_blockers":[],"use_connects":[],"use_excludes":[],"use_includes":[],"use_matches":[]},"run_at":null},"settings":{"enabled":false,"position":5},"meta":{"name":"Resize YT To Window Size","uuid":"97dec28e-5b93-4d8b-89fe-622b8dc9b0d0","modified":1525111875183,"file_url":"https://openuserjs.org/install/Zren/Resize_YT_To_Window_Size.user.js"}}