{"options":{"awareOfChrome":false,"check_for_updates":true,"comment":null,"compat_arrayleft":false,"compat_foreach":false,"compat_forvarin":false,"compat_metadata":false,"compat_uW_gmonkey":false,"compat_wrappedjsobject":false,"compatopts_for_requires":true,"noframes":null,"override":{"merge_connects":true,"merge_excludes":true,"merge_includes":true,"merge_matches":true,"orig_connects":[],"orig_excludes":["*://www.youtube.com/tv*","*://www.youtube.com/embed/*","*://www.youtube.com/live_chat*"],"orig_includes":[],"orig_matches":["*://www.youtube.com/*"],"orig_noframes":true,"orig_run_at":"document-start","use_blockers":[],"use_connects":[],"use_excludes":[],"use_includes":[],"use_matches":[]},"run_at":null},"settings":{"enabled":false,"position":16},"meta":{"name":"YouTube +","uuid":"7379062f-eb61-4418-8574-c473019097c0","modified":1573608799890,"file_url":"https://greasyfork.org/scripts/9932-youtube/code/YouTube%20+.user.js"}}