{"options":{"awareOfChrome":false,"check_for_updates":true,"comment":null,"compat_arrayleft":false,"compat_foreach":false,"compat_forvarin":false,"compat_metadata":false,"compat_uW_gmonkey":false,"compat_wrappedjsobject":false,"compatopts_for_requires":true,"noframes":null,"override":{"merge_connects":true,"merge_excludes":true,"merge_includes":true,"merge_matches":true,"orig_connects":["googleapis.com"],"orig_excludes":[],"orig_includes":["http://*.youtube.com/*","http://youtube.com/*","https://*.youtube.com/*","https://youtube.com/*"],"orig_matches":[],"orig_noframes":null,"orig_run_at":"document-idle","use_blockers":[],"use_connects":[],"use_excludes":[],"use_includes":[],"use_matches":[]},"run_at":null},"settings":{"enabled":false,"position":8},"meta":{"name":"Youtube Video Ratings Bar with Power Meter","uuid":"89047f90-c532-4a0c-bb15-2ba675b879de","modified":1532694073518,"file_url":"https://openuserjs.org/install/lednerg/Youtube_Video_Ratings_Bar_with_Power_Meter.user.js"}}